respondent_id,gender,age,education,household_size,annual_income_eur,hours_online_per_week,online_purchases_last_month,survey_date,complaint_filed_after_survey,satisfaction_score
1,f,68,High School,5,144929,4,7,2025-05-20,0,4
2,male,63,High School,1,128152,32,21,2025-01-24,0,5
3,Male,52, MASTER ,5,168929,16,0,2025-12-29,1,4
4,Male,130,Bachelor,1,173772,11,11,2025-07-17,0,3
5,Female,25,Bachelor,1,-2500,2,20,2024-01-13,0,3
6,Non-binary,75,High School,1,80604,44,23,2024-10-03,0,2
7,Male,70,High School,3,116652,42,6,2024-07-30,1,2
8,Male,49,PhD,4,89162,40,16,2025-03-04,1,4
9,Female,63,High School,3,121397,4,4,2024-07-12,0,1
10,Female,50,Bachelor,1,150315,18,2,2025-12-06,0,1
11,Female,34,Bachelor,2,80354,48,8,2024-08-06,0,2
12,Male,67,High School,6,101910,29,22,2025-01-16,0,4
13,Male,33,High School,6,29210,8,17,2024-03-30,0,4
14,Male,37,High School,5,138378,8,12,2025-10-26,0,3
15,Female,50,PhD,1,99396,14,7,2025-10-27,0,3
16,Female,69,High School,5,94634,48,3,2025-08-02,0,1
17,Male,41,High School,5,106124,10,6,2024-09-13,0,2
18,Female,48,High School,4,56048,45,3,2024-02-12,0,1
19,Male,20,High School,1,116478,34,4,2025-06-03,0,4
20,Male,25,Bachelor,6,139742,46,17,2024-11-09,0,4
21,Male,21,High School,3,77248,41,3,2025-12-23,0,2
22,Female,22,Bachelor,1,42722,17,1,2025-05-24,0,2
23,Non-binary,71,Bachelor,2,83120,41,13,2025-01-28,0,2
24,Male,70,Master,3,53376,10,7,2025-12-21,0,5
25,Male,68,High School,1,81082,15,11,2025-08-07,1,3
26,Female,21,Master,2,121038,12,3,2024-11-30,0,4
27,Female,22,Bachelor,3,39916,8,5,2024-01-14,1,3
28,Female,35,High School,6,140068,6,11,2024-03-08,1,4
29,Female,53,Master,1,57488,10,17,2024-11-19,0,3
30,Male,38,Master,4,163360,7,10,2025-02-14,0,2
31,Male,48,High School,6,137726,20,13,2024-01-23,0,5
32,Non-binary,28,PhD,5,65068,5,13,2024-04-02,0,4
33,Female,63,Bachelor,6,110989,4,6,2025-05-29,0,4
34,Female,37,Bachelor,2,39494,49,6,2025-07-02,0,5
35,Female,22,,5,37758,6,10,2024-01-22,1,2
36,Female,64,Bachelor,6,173055,5,0,2025-01-05,0,1
37,Female,73,Master,2,148784,3,17,2024-02-29,0,3
38,Female,18,High School,3,46398,8,15,2025-06-12,0,2
39,Female,45,Master,4,66664,27,7,2025-08-31,0,3
40,Male,69,Bachelor,3,53231,41,9,2025-09-26,0,2
41,Female,61,High School,2,84435,37,8,2025-03-12,0,2
42,Male,71,Bachelor,6,68030,29,16,2025-04-04,0,2
43,Male,43,High School,6,73833,6,18,2025-11-07,0,2
44,Female,41,High School,3,105643,39,2,2025-03-23,0,4
45,Male,61,High School,5,51870,3,10,2024-11-21,0,3
46,Male,27,High School,3,161486,32,0,2025-07-04,0,3
47,Female,32,High School,5,136968,21,11,2025-03-07,1,1
48,Female,55,High School,4,142166,44,6,2025-09-06,0,3
49,Male,59,Bachelor,3,48777,16,8,2025-01-18,0,1
50,Female,25,Bachelor,1,133888,32,11,2025-09-26,0,2
51,Female,49,Master,4,154126,23,8,2024-02-02,0,3
52,Female,40,High School,2,49678,27,9,2024-01-27,0,1
53,Male,49,Master,2,140701,47,19,2024-03-13,0,2
54,Male,77,Bachelor,2,78513,36,20,2025-02-10,1,2
55,Male,22,High School,6,146437,21,0,2025-06-01,0,5
56,Male,79,High School,1,97587,23,9,2024-06-06,0,5
57,Female,45,Bachelor,5,148748,35,21,2024-04-23,0,1
58,Male,65,High School,6,45293,18,13,2025-09-20,0,4
59,Female,44,Bachelor,1,83474,10,5,2025-07-01,0,4
60,Female,37,,4,65201,24,14,2025-04-18,0,2
61,Male,65,High School,4,61241,5,3,2024-12-22,0,3
62,Female,60,High School,3,70716,10,0,2024-11-02,0,4
63,Male,26,,5,82424,22,15,2024-01-15,0,2
64,Male,61,Bachelor,3,42109,40,12,2024-05-17,0,1
65,Male,64,High School,3,133719,39,18,2025-10-16,0,2
66,Male,42,Master,3,108937,14,8,2024-09-04,0,2
67,Male,75,Master,5,153024,22,21,2025-05-29,0,2
68,Female,57,Bachelor,4,133394,9,10,2025-05-28,0,2
69,Female,38,Bachelor,3,45548,38,18,2024-08-13,0,1
70,Female,18,High School,6,33049,13,2,2024-05-29,1,5
71,Female,59,High School,5,88803,40,2,2025-05-19,0,1
72,Female,30,Bachelor,6,98017,42,19,2024-03-09,0,4
73,Male,64,High School,5,59959,35,20,2024-12-27,0,4
74,Female,50,Bachelor,3,145589,17,23,2025-10-10,0,4
75,Female,46,Master,5,113890,47,8,2025-06-03,0,5
76,Female,28,High School,2,140182,34,0,2025-07-11,0,1
77,Female,62,Bachelor,2,39223,33,24,2024-03-01,0,2
78,Male,28,High School,3,150781,43,15,2024-05-25,0,1
79,Male,43,Master,6,54562,44,6,2024-07-19,0,3
80,Male,69,High School,4,92822,5,19,2024-08-01,1,4
81,Male,75,Bachelor,3,91420,44,22,2024-05-21,0,5
82,Female,79,Bachelor,3,151648,38,7,2025-12-10,0,2
83,Male,77,Bachelor,2,65741,11,19,2024-04-30,0,2
84,Female,52,Bachelor,4,60038,16,19,2025-05-31,0,5
85,Female,30,Bachelor,3,75661,38,12,2025-03-04,0,4
86,Female,70,Bachelor,4,79008,12,15,2025-03-21,0,4
87,Male,67,Master,3,50706,23,6,2024-06-05,0,3
88,Female,79,,2,49864,35,23,2024-08-12,0,3
89,Female,58,Bachelor,6,58551,33,24,2025-03-18,0,2
90,Male,26,Bachelor,3,95862,45,24,2024-08-06,0,4
91,Female,49,High School,1,76250,7,18,2025-05-21,0,2
92,Male,45,Master,3,83945,16,1,2024-01-29,0,5
93,Female,70,Bachelor,4,135610,49,9,2024-02-23,0,1
94,Female,42,Bachelor,1,60066,29,11,2025-06-15,0,3
95,Female,38,High School,2,165762,13,23,2025-03-26,0,2
96,Male,22,Master,1,140781,15,13,2024-02-01,1,4
97,Female,69,Bachelor,4,49600,18,13,2025-10-18,0,4
98,Female,64,Bachelor,5,71587,28,3,2024-01-04,0,5
99,Female,20,High School,6,51001,15,19,2025-11-28,1,4
100,Non-binary,44,,3,65103,31,8,2025-06-16,1,2
101,Male,47,High School,6,79748,23,2,2025-12-22,0,2
102,Male,47,High School,2,42680,31,24,2025-11-23,0,5
103,Female,74,Master,5,24280,9,4,2024-08-16,0,3
104,Non-binary,27,PhD,4,91333,31,0,2025-07-06,0,1
105,Male,36,High School,5,132756,46,1,2024-06-02,0,5
106,Male,29,Bachelor,5,69868,8,11,2024-12-10,0,4
107,Female,33,Master,4,157952,17,2,2024-06-24,0,1
108,Female,74,Master,2,80345,35,21,2024-12-20,0,4
109,Female,76,Bachelor,4,164325,31,12,2025-09-28,0,4
110,Male,20,Bachelor,5,59287,34,8,2024-11-14,0,4
111,Female,57,Master,6,107214,28,0,2024-03-08,0,5
112,Female,32,Master,6,142578,34,11,2024-08-24,0,3
113,Female,29,Master,2,31328,31,3,2025-07-28,0,3
114,Male,36,Bachelor,4,168940,5,24,2025-01-15,0,4
115,Female,30,High School,1,79663,38,7,2025-02-12,0,1
116,Male,48,Master,5,100673,23,11,2024-11-10,0,1
117,Male,79,Master,6,121293,4,0,2024-08-01,0,5
118,Male,54,Master,1,123593,21,3,2025-03-12,0,2
119,Female,62,High School,4,25739,22,5,2025-04-07,0,3
120,Male,48,High School,6,159013,6,1,2025-10-17,1,2
121,Male,18,Master,6,120529,49,18,2025-03-26,0,2
122,Male,23,High School,3,179815,12,23,2025-12-27,1,3
123,Female,34,,1,96499,17,24,2025-08-26,0,5
124,Female,33,Bachelor,6,118935,23,6,2024-02-27,1,3
125,Female,70,Bachelor,6,91687,41,19,2024-10-13,0,1
126,Male,70,Master,4,162585,37,12,2024-10-07,0,2
127,Female,70,Bachelor,6,153517,39,1,2024-01-03,0,1
128,Female,57,High School,1,165560,13,2,2024-05-11,0,5
129,Female,52,Bachelor,4,101676,42,13,2025-07-10,0,2
130,Male,58,Bachelor,1,147049,41,10,2024-09-14,0,2
131,Female,43,Bachelor,6,78689,24,0,2024-04-17,0,1
132,Male,59,Bachelor,5,94827,28,23,2024-07-28,0,3
133,Male,67,PhD,6,142114,3,18,2024-07-19,0,5
134,Female,65,Bachelor,4,34822,38,12,2024-05-07,0,3
135,Male,56,High School,1,134257,48,24,2024-03-14,0,4
136,Female,21,Bachelor,1,24497,24,24,2025-07-11,0,1
137,Non-binary,62,Bachelor,3,113742,27,24,2025-08-24,0,1
138,Male,40,High School,5,97397,25,6,2024-12-28,0,4
139,Male,64,High School,1,96051,5,22,2025-03-25,0,1
140,Female,51,Bachelor,6,100101,31,12,2025-11-02,0,3
141,Male,72,High School,2,99725,36,18,2025-09-07,0,2
142,Male,38,PhD,3,86363,46,21,2024-01-24,0,1
143,Male,75,High School,2,93313,46,4,2025-11-26,0,3
144,Male,70,High School,3,111770,25,11,2024-02-18,0,5
145,Female,38,Master,3,142627,48,3,2024-01-20,0,1
146,Female,47,Master,1,109241,27,6,2024-10-21,0,5
147,Female,50,High School,4,123518,32,10,2025-06-28,0,3
148,Male,65,High School,5,154184,30,21,2024-02-28,0,4
149,Female,60,High School,6,178342,49,21,2024-08-01,0,1
150,Female,70,Bachelor,2,39167,37,9,2024-07-10,0,5
151,Male,40,Bachelor,6,134642,7,8,2024-10-17,1,1
152,Male,49,High School,6,57578,5,13,2025-12-20,0,5
153,Female,44,High School,6,53091,21,22,2024-08-29,0,4
154,Male,74,Bachelor,3,147294,26,24,2024-06-01,0,2
155,Female,36,PhD,6,32853,34,5,2024-03-30,0,1
156,Male,54,Bachelor,4,155958,25,4,2024-05-24,1,4
157,Female,25,Bachelor,1,143746,26,17,2024-04-07,0,1
158,Male,70,High School,2,179182,46,7,2025-02-22,0,4
159,Male,41,High School,5,127534,18,4,2024-11-02,0,4
160,Male,39,High School,1,159920,25,0,2024-12-29,0,2
161,Female,54,Master,3,40728,28,10,2025-08-30,0,2
162,Male,48,Master,5,162604,24,9,2025-02-27,0,2
163,Female,70,Master,1,47331,48,14,2024-04-23,0,2
164,Female,50,,3,71666,48,5,2024-10-02,0,1
165,Male,50,,2,42254,26,17,2024-08-16,0,2
166,Female,24,PhD,4,85462,23,17,2025-08-26,0,4
167,Male,19,High School,2,140341,30,11,2024-08-12,0,2
168,Male,42,High School,6,64357,10,4,2024-04-11,0,4
169,Female,79,High School,1,151906,22,12,2025-06-21,0,5
170,Non-binary,74,Bachelor,6,117795,12,16,2024-11-08,0,4
171,Female,56,High School,5,121370,8,9,2024-03-10,0,3
172,Male,57,Master,6,170331,6,6,2025-05-18,0,2
173,Female,42,Bachelor,6,90231,30,12,2024-06-02,0,5
174,Male,29,Bachelor,2,76453,2,8,2025-09-25,0,2
175,Female,18,High School,6,179139,33,10,2025-08-30,0,3
176,Female,39,High School,4,110006,22,8,2024-09-26,0,3
177,Female,37,High School,6,119107,19,7,2025-02-09,0,4
178,,29,Master,6,68815,38,17,2025-02-18,0,3
179,Male,34,Bachelor,4,56039,27,11,2025-04-22,0,4
180,Male,19,Master,3,48828,37,11,2024-02-20,0,5
181,Male,55,High School,1,57322,36,16,2024-08-25,0,2
182,Male,75,Bachelor,1,52839,3,9,2024-05-04,0,5
183,Male,60,Bachelor,3,139981,12,2,2025-05-24,0,1
184,Female,45,Master,5,31155,29,21,2024-02-20,0,5
185,Male,44,Master,4,121442,48,1,2025-01-12,0,1
186,Male,37,High School,3,171988,9,14,2025-06-15,0,5
187,Female,26,PhD,2,142957,7,6,2025-11-23,0,2
188,Female,55,High School,4,85654,47,5,2024-07-29,0,5
189,Male,53,Master,4,31385,48,1,2024-01-06,0,1
190,Female,18,High School,6,153791,10,22,2025-06-12,0,3
191,Male,43,High School,5,22497,21,10,2024-01-02,1,5
192,Female,35,Master,4,129650,32,8,2024-02-18,0,1
193,Female,28,High School,6,128009,11,18,2025-12-24,0,2
194,Male,61,Bachelor,3,52323,17,0,2025-09-21,1,1
195,Female,50,Bachelor,6,138899,20,14,2025-05-31,0,2
196,Female,57,High School,3,49723,32,12,2025-09-01,0,2
197,Male,62,Bachelor,1,57652,16,13,2024-02-25,0,4
198,Male,78,Master,3,150294,21,3,2024-03-05,0,2
199,Female,67,Master,1,176702,15,23,2024-08-07,0,1
200,Female,56,High School,1,63824,38,5,2024-01-18,0,1
201,Male,72,Bachelor,6,167571,9,16,2025-10-10,0,5
202,Non-binary,47,High School,5,166299,13,18,2024-02-11,0,5
203,Male,79,High School,2,143566,13,8,2025-02-01,0,2
204,Female,65,High School,6,44128,45,3,2025-09-15,0,1
205,Female,58,PhD,1,69308,47,7,2025-06-20,0,1
206,Female,74,Master,2,129077,26,20,2024-06-20,0,5
207,Female,49,Master,5,179876,9,22,2024-12-09,0,4
208,Male,62,Bachelor,2,150686,38,23,2025-02-04,0,4
209,Female,35,Bachelor,5,88402,25,5,2025-07-14,0,2
210,Male,77,Bachelor,6,59170,42,15,2024-11-07,0,4
211,Male,56,Bachelor,1,173733,19,3,2024-07-27,1,1
212,Male,66,Bachelor,1,65640,49,17,2025-08-03,0,4
213,Female,46,High School,6,76070,40,10,2025-10-09,0,3
214,Male,71,High School,4,174393,12,17,2024-12-22,0,2
215,Male,22,PhD,4,110743,36,17,2024-01-21,0,4
216,Male,25,Bachelor,3,63806,15,24,2024-12-31,0,4
217,Female,49,PhD,3,22844,18,12,2025-10-11,0,3
218,Female,63,High School,5,89933,14,8,2025-12-23,1,1
219,Male,68,Bachelor,4,177788,34,13,2024-10-19,0,1
220,Female,45,High School,1,90337,14,4,2024-04-19,0,5
221,Female,58,High School,4,132525,32,2,2025-02-21,0,2
222,Male,52,High School,5,61979,29,12,2025-08-29,0,2
223,Male,77,High School,1,144546,38,20,2025-11-20,0,4
224,Non-binary,58,PhD,3,144574,49,13,2024-02-07,0,2
225,Female,43,High School,5,118111,2,19,2024-07-31,0,2
226,Male,78,Bachelor,4,143952,49,4,2024-12-14,0,4
227,Female,24,Bachelor,1,113453,7,11,2024-03-12,0,3
228,Male,79,Bachelor,1,81774,27,15,2025-10-09,0,4
229,Male,27,Bachelor,4,138585,18,8,2024-03-22,0,1
230,Female,35,High School,3,153949,32,0,2025-04-30,0,3
231,Female,68,,6,154887,36,1,2025-11-01,0,3
232,Female,63,Master,4,55665,43,23,2025-05-15,0,4
233,Non-binary,78,Master,6,128901,21,15,2025-07-11,0,1
234,Male,64,Bachelor,2,22680,46,6,2024-07-11,0,1
235,Male,57,High School,3,112375,17,6,2025-08-27,0,4
236,Male,39,PhD,1,112244,11,0,2024-11-01,0,4
237,Female,18,High School,4,79432,20,23,2024-02-14,0,5
238,Male,25,High School,2,179064,27,2,2024-09-24,0,2
239,Female,36,High School,3,161507,34,18,2024-09-12,0,5
240,Female,20,Master,3,28105,41,6,2025-01-15,0,2
241,Male,49,Bachelor,2,54996,12,8,2024-07-12,0,4
242,Male,66,Master,1,54863,16,6,2024-12-03,0,1
243,Female,77,Master,4,163814,47,20,2024-11-08,0,5
244,Male,48,High School,6,103988,23,0,2024-08-26,0,2
245,Male,72,PhD,2,137162,13,8,2025-05-23,0,5
246,Male,79,Bachelor,3,149970,49,6,2024-08-11,0,2
247,Male,71,Bachelor,2,143283,23,6,2025-07-13,0,4
248,Female,46,High School,5,36068,49,4,2024-07-02,0,3
249,Female,38,,3,44172,46,22,2025-09-23,0,1
250,Female,78,High School,6,84447,45,9,2024-09-23,0,1
251,Male,32,High School,2,75463,29,10,2024-01-30,0,4
252,Male,43,Bachelor,1,140037,40,9,2024-04-19,0,1
253,Female,22,High School,4,46685,48,24,2025-08-11,0,2
254,Female,67,High School,4,80703,14,8,2025-09-28,0,3
255,Female,58,Bachelor,6,59378,3,8,2024-06-03,0,2
256,Male,23,Bachelor,6,51836,17,8,2025-03-15,0,1
257,Male,31,PhD,6,49303,32,8,2025-02-23,0,4
258,Female,52,High School,4,52888,28,2,2024-04-07,0,4
259,Female,51,Bachelor,3,111170,5,15,2024-11-25,0,4
260,Male,67,Bachelor,3,86787,28,0,2025-05-21,0,5
261,Female,34,Bachelor,1,90775,10,5,2025-12-07,0,1
262,Male,75,Bachelor,3,97747,26,5,2025-09-10,1,3
263,Female,45,Bachelor,3,139087,29,7,2024-03-12,0,2
264,Female,69,PhD,1,158166,32,18,2024-06-22,0,5
265,Male,32,High School,2,105176,21,14,2024-11-14,0,3
266,Female,20,High School,4,123475,21,24,2024-04-19,1,1
267,Female,21,Bachelor,3,138692,34,8,2025-02-20,0,4
268,Female,41,Master,6,131083,37,23,2024-01-07,0,1
269,Female,77,High School,3,43213,40,1,2024-03-23,0,2
270,Female,21,Bachelor,6,177311,18,12,2024-02-04,1,4
271,Female,40,Master,4,48040,22,19,2024-08-03,0,3
272,Female,24,Master,1,87071,17,13,2025-07-10,0,4
273,Female,75,,2,125111,27,23,2024-05-09,0,3
274,Male,59,Bachelor,5,85729,8,7,2025-12-21,0,5
275,Male,65,Bachelor,4,60414,22,0,2024-07-15,0,3
276,Female,62,High School,2,167888,11,19,2024-02-02,0,1
277,Female,58,PhD,4,33301,27,1,2024-09-01,0,1
278,Male,65,Bachelor,6,60848,42,19,2025-06-30,0,4
279,Male,18,Master,3,178893,49,18,2024-03-18,0,1
280,Male,71,Bachelor,1,137310,23,21,2024-02-22,0,2
281,Female,63,Bachelor,2,35742,4,11,2025-09-12,0,1
282,Female,63,Bachelor,6,141222,12,22,2025-03-08,0,2
283,Female,42,Bachelor,5,175182,7,4,2024-09-07,0,3
284,Female,67,Master,6,37450,38,10,2025-07-05,0,1
285,Male,41,Bachelor,6,87420,49,3,2025-09-08,0,3
286,Female,21,Bachelor,1,95980,28,19,2024-09-19,0,5
287,Female,74,High School,2,42700,10,17,2025-02-13,0,1
288,Female,32,Bachelor,1,53688,3,20,2024-01-08,0,1
289,Male,24,Bachelor,1,49453,48,19,2024-08-11,1,2
290,Female,56,High School,6,51289,17,7,2025-03-10,0,5
291,Male,32,High School,6,85757,7,1,2024-05-23,0,3
292,Female,71,Bachelor,1,95284,10,23,2025-12-24,0,4
293,Male,45,Bachelor,5,59601,14,12,2025-12-09,0,1
294,Female,18,Bachelor,4,67729,33,2,2024-07-07,1,4
295,Male,77,High School,1,52373,44,23,2024-10-16,0,1
296,Male,49,High School,6,147777,15,24,2024-05-18,0,4
297,Non-binary,34,High School,6,55457,34,11,2025-01-02,0,1
298,Male,59,Master,4,165401,5,19,2024-03-31,0,5
299,Male,50,Master,5,107139,2,0,2024-10-12,0,2
300,Male,19,High School,3,148829,4,2,2025-02-09,0,1
301,Male,65,Bachelor,5,122550,46,6,2025-03-22,1,2
302,Female,42,High School,3,64032,29,16,2025-03-11,0,1
303,Male,61,High School,6,117015,40,3,2024-06-10,0,1
304,Male,73,High School,1,65313,3,0,2025-08-01,0,3
305,Male,55,High School,2,40732,3,16,2025-05-19,0,2
306,Female,59,Bachelor,6,62247,42,19,2025-07-03,0,2
307,Female,33,PhD,2,65551,6,18,2024-12-07,0,5
308,Male,32,High School,2,43336,9,19,2025-10-13,0,1
309,Female,43,Bachelor,5,25730,26,20,2024-10-11,0,2
310,Female,70,Bachelor,2,171120,31,15,2025-08-11,0,1
311,Female,50,PhD,4,103120,12,12,2024-05-28,0,3
312,Female,39,Bachelor,2,85523,23,21,2024-06-29,0,2
313,Female,66,High School,2,168932,34,8,2025-01-19,0,1
314,Female,70,Bachelor,6,57500,23,2,2025-02-09,0,1
315,Female,73,High School,2,85653,20,18,2025-06-28,0,5
316,Female,36,,1,155774,5,6,2024-08-05,0,1
317,Female,61,Bachelor,5,121861,23,24,2025-09-29,0,4
318,Male,54,Bachelor,6,85072,40,10,2024-08-28,0,5
319,Female,45,High School,1,62420,32,21,2025-01-24,0,3
320,Male,42,Bachelor,5,27548,44,1,2025-11-11,1,2
321,Male,25,Master,4,35438,8,16,2025-01-28,0,4
322,Male,35,Bachelor,5,47586,2,11,2025-05-12,0,5
323,Female,52,Bachelor,1,146285,28,11,2025-10-25,0,1
324,Male,72,PhD,6,123001,10,6,2025-12-12,1,5
325,Male,71,Master,4,90487,30,24,2024-12-30,1,5
326,Male,29,High School,6,145699,45,9,2024-10-31,0,1
327,Male,60,Bachelor,3,47403,18,21,2024-05-23,0,1
328,Male,23,Bachelor,6,55327,28,10,2025-01-27,0,4
329,Male,59,Bachelor,4,84051,34,1,2025-11-01,0,1
330,Female,39,High School,1,166948,9,21,2024-12-21,0,4
331,Male,45,High School,6,119048,45,4,2024-09-11,0,1
332,Female,62,PhD,5,156457,11,6,2024-03-19,0,4
333,Male,44,PhD,2,61209,40,21,2024-10-11,0,2
334,Male,68,Master,4,156044,33,22,2024-06-21,0,1
335,Female,51,,3,33451,8,22,2025-12-14,0,1
336,Male,79,Master,4,57970,36,10,2025-01-20,0,1
337,Female,57,Master,6,104638,11,18,2024-04-10,0,3
338,Male,36,Master,6,29984,30,8,2024-02-19,0,1
339,Female,66,Bachelor,2,157605,48,18,2025-09-13,0,5
340,Male,43,Bachelor,6,159052,47,12,2025-11-10,0,4
341,Female,51,High School,3,107551,43,1,2025-07-10,0,2
342,Non-binary,26,Bachelor,5,70316,25,10,2024-03-31,0,5
343,Male,25,High School,5,37636,28,11,2024-03-12,0,4
344,Male,53,High School,3,119788,16,6,2024-05-24,0,4
345,Male,29,Bachelor,3,106952,46,9,2025-07-02,0,1
346,Male,79,Bachelor,3,142074,24,12,2025-07-12,0,4
347,Male,71,High School,6,117200,39,1,2025-09-03,0,3
348,Female,61,Master,3,42270,19,3,2024-03-11,0,5
349,Male,63,Master,2,41238,37,19,2024-04-21,0,3
350,Female,54,High School,3,145372,12,8,2025-10-19,0,4
351,Male,21,High School,2,47125,37,15,2025-11-08,0,2
352,Female,42,High School,3,170284,4,14,2025-06-13,0,1
353,Male,48,Master,1,38739,7,13,2024-03-18,0,1
354,Male,74,Master,1,137083,18,10,2024-02-20,0,5
355,Female,31,High School,5,176086,25,12,2024-02-10,0,4
356,Male,48,Master,1,91713,36,20,2025-05-20,1,2
357,Male,39,High School,4,30960,19,24,2025-09-09,0,4
358,Male,26,Bachelor,5,160515,2,6,2025-04-06,0,1
359,Male,24,,5,51594,17,16,2024-07-10,0,1
360,Male,40,High School,3,105338,23,24,2025-07-06,0,3
361,Male,23,High School,2,177556,28,0,2024-02-13,0,4
362,Female,22,Bachelor,6,139673,32,19,2025-08-27,0,5
363,Female,39,Bachelor,6,29318,13,12,2025-10-13,0,4
364,Female,30,PhD,4,151639,31,24,2025-06-08,0,2
365,Male,52,,1,47476,32,14,2025-10-03,0,5
366,Female,19,High School,1,140397,39,20,2025-03-03,0,3
367,Male,36,High School,2,120110,27,4,2024-12-07,0,5
368,Male,46,Master,1,67481,40,3,2024-08-23,0,1
369,Female,77,High School,6,88930,12,23,2025-11-03,1,1
370,Male,57,Master,2,40619,36,13,2025-05-24,0,1
371,Male,72,Bachelor,2,177911,4,13,2024-05-19,0,5
372,Female,39,High School,6,59657,6,4,2025-11-29,0,1
373,Female,45,Master,5,70771,43,5,2024-02-13,0,5
374,Female,44,High School,2,101454,24,20,2025-03-04,0,4
375,Female,73,Bachelor,3,128236,31,7,2024-05-19,0,1
376,Female,77,Bachelor,4,101833,30,14,2025-04-29,0,5
377,Male,77,Bachelor,4,101811,35,7,2024-10-28,0,1
378,Female,64,Bachelor,6,114057,13,6,2024-11-15,0,1
379,Female,49,Bachelor,6,157516,10,4,2025-05-05,0,3
380,Male,51,,6,84426,4,23,2025-07-05,0,2
381,Male,78,,1,153476,43,23,2024-10-04,0,2
382,Male,35,Bachelor,2,146328,12,2,2025-12-29,0,1
383,Male,39,High School,4,173839,29,8,2024-12-29,0,4
384,Female,73,Bachelor,1,166278,23,14,2024-04-27,0,1
385,Female,41,,3,148112,9,9,2024-01-05,0,2
386,Prefer not to say,32,High School,1,60982,21,18,2024-05-27,0,3
387,Male,52,Bachelor,6,144339,5,6,2025-05-19,0,3
388,Non-binary,38,Bachelor,1,138370,10,1,2025-01-28,1,4
389,Female,73,High School,1,67741,8,8,2024-09-03,0,2
390,Male,74,Bachelor,2,129119,41,14,2024-12-17,0,4
391,Male,36,Bachelor,1,61969,29,4,2025-09-03,0,4
392,Female,50,Master,4,104648,46,20,2025-02-21,1,2
393,Male,79,Master,3,147886,22,0,2024-02-12,0,2
394,Male,64,Master,6,51787,11,1,2024-02-05,0,3
395,Female,31,Bachelor,2,75238,31,12,2024-12-17,1,3
396,Female,54,High School,4,147646,46,12,2024-10-22,0,1
397,Male,56,Master,4,93699,27,7,2025-09-12,1,3
398,Female,58,Master,4,173778,2,6,2025-03-01,0,1
399,Female,19,Bachelor,5,23257,16,1,2025-07-06,0,3
400,Female,36,Master,2,136050,46,16,2025-03-03,0,5
401,Female,70,High School,4,150643,26,9,2024-09-09,0,3
402,Male,32,Master,5,167021,47,2,2025-04-24,1,4
403,Male,36,High School,6,46767,26,9,2025-03-29,0,2
404,Female,37,High School,4,177501,2,23,2025-06-09,1,5
405,,28,Bachelor,4,83979,43,6,2024-05-18,0,5
406,Male,27,High School,6,77624,38,22,2025-04-13,0,5
407,Female,39,High School,4,78175,36,6,2024-07-27,1,4
408,Male,72,High School,6,122839,48,4,2025-07-30,0,4
409,Female,18,Bachelor,1,126168,11,6,2025-08-05,1,3
410,,35,Master,3,96881,45,8,2025-04-01,0,5
411,Male,21,High School,1,33223,13,3,2025-11-22,0,5
412,Male,52,Bachelor,1,177887,48,14,2025-01-27,0,3
413,Female,33,Master,3,57092,11,8,2024-01-19,0,1
414,Male,67,High School,2,36821,28,17,2025-03-18,0,1
415,Female,54,High School,3,116386,39,12,2025-07-21,0,2
416,Female,66,Master,3,87155,5,11,2024-03-14,0,1
417,Female,57,Master,4,119259,5,11,2024-03-17,0,2
418,Male,45,Bachelor,6,160335,42,3,2024-07-18,0,1
419,Female,71,Master,6,37377,4,17,2025-09-08,0,5
420,Male,47,High School,3,66880,31,2,2025-01-20,0,1
421,Male,76,Bachelor,2,103618,47,18,2025-12-13,1,4
422,Female,79,Master,5,146471,31,24,2025-09-29,0,2
423,Female,54,High School,1,116901,25,19,2025-02-09,0,1
424,Female,59,Master,4,82479,22,11,2025-05-10,0,4
425,Male,33,Bachelor,3,118389,32,7,2024-08-29,0,5
426,Male,68,Master,2,176836,29,21,2024-03-06,0,4
427,Female,59,Bachelor,4,97848,26,6,2024-10-18,0,5
428,Male,73,Bachelor,2,161597,9,12,2025-03-08,0,3
429,Female,34,High School,2,145233,33,19,2024-05-13,0,4
430,Male,66,High School,4,69608,37,23,2024-06-10,0,1
431,Male,47,Master,2,61421,36,23,2024-01-11,0,5
432,Male,29,High School,5,143690,5,2,2025-06-19,0,4
433,Male,28,High School,1,54781,35,22,2025-10-18,0,2
434,Male,52,High School,3,75223,37,2,2025-08-27,0,2
435,Female,37,High School,5,59192,10,14,2024-10-04,0,4
436,Female,24,Master,2,117805,42,23,2025-03-09,0,1
437,Female,44,Bachelor,5,68474,27,16,2025-12-02,0,5
438,Male,58,,5,126039,24,23,2025-03-07,0,2
439,Male,37,High School,6,169705,36,8,2024-08-03,0,1
440,Male,77,Bachelor,2,153076,26,7,2024-09-04,0,2
441,Male,66,Bachelor,5,171776,28,8,2025-06-14,1,5
442,Female,49,Bachelor,6,25863,16,8,2024-11-21,0,2
443,Male,75,Master,5,93961,46,17,2025-09-03,0,3
444,Female,44,,2,56784,48,11,2025-09-22,0,5
445,Female,26,Master,5,167023,8,18,2024-01-27,0,1
446,Male,20,High School,1,134483,37,10,2025-06-12,0,4
447,Prefer not to say,76,High School,4,72594,3,7,2024-09-27,0,2
448,Male,77,Bachelor,3,111036,19,4,2025-01-14,0,4
449,Female,63,High School,4,117658,48,13,2024-07-12,1,1
450,Male,24,Master,4,100305,10,22,2024-09-25,0,1
451,Female,36,Bachelor,1,96947,20,21,2024-08-29,0,4
452,Male,20,Bachelor,4,30723,12,6,2024-02-06,0,5
453,Male,21,Master,6,93488,36,11,2025-07-25,0,5
454,Female,33,Bachelor,3,77027,24,17,2024-04-14,1,4
455,Female,53,High School,2,151283,30,15,2024-10-01,0,3
456,Female,22,High School,6,158685,47,1,2024-05-20,0,1
457,Prefer not to say,79,Bachelor,1,140565,27,14,2024-04-27,0,2
458,Female,46,Bachelor,3,26881,37,0,2024-09-29,0,4
459,Male,34,High School,4,154913,6,2,2025-11-01,0,2
460,Male,49,Bachelor,3,84636,12,16,2025-11-20,1,3
461,Male,66,Master,6,87786,47,2,2024-10-05,0,1
462,Female,37,Master,3,171333,43,8,2025-01-03,1,3
463,Male,20,Bachelor,6,159032,33,14,2025-12-20,0,2
464,Female,21,Bachelor,1,30039,20,16,2024-06-20,0,1
465,Male,70,High School,5,78853,11,11,2025-11-20,0,1
466,Male,24,Bachelor,4,140453,42,2,2024-03-18,0,3
467,Male,57,High School,2,107137,39,19,2024-06-13,0,2
468,Male,41,Bachelor,2,62702,13,23,2024-09-03,0,1
469,Female,66,Bachelor,5,104914,30,22,2024-01-28,0,3
470,Male,21,High School,4,158924,31,18,2025-08-18,0,1
471,Female,73,High School,4,57279,24,10,2025-09-16,0,1
472,Female,61,High School,1,139878,46,21,2024-10-06,0,1
473,Female,45,Master,4,138092,7,12,2025-09-02,0,3
474,Female,30,Bachelor,6,161941,14,3,2025-07-17,1,5
475,Female,78,High School,1,69074,6,21,2025-08-08,0,2
476,Female,36,Master,3,56116,35,8,2025-08-08,0,2
477,Female,48,Bachelor,3,108529,32,23,2025-02-22,0,2
478,Male,42,Bachelor,6,105944,49,9,2024-03-21,0,2
479,Male,32,PhD,2,86706,28,21,2025-11-05,0,4
480,Female,43,High School,3,145124,9,13,2025-03-20,0,2
481,Female,27,High School,5,148249,23,11,2025-10-19,0,4
482,Female,18,Bachelor,1,60820,6,7,2025-12-01,0,5
483,Male,35,High School,5,147693,34,20,2024-05-16,0,5
484,Female,24,Bachelor,5,58457,34,1,2024-10-20,0,3
485,Female,43,High School,5,86406,43,11,2024-05-20,0,4
486,Female,71,High School,4,26294,18,9,2024-02-07,0,5
487,Female,28,High School,5,75782,16,13,2025-12-06,0,4
488,Female,18,Bachelor,5,173445,5,6,2025-11-05,0,2
489,Male,24,High School,6,91924,21,16,2025-11-11,0,1
490,Male,49,High School,3,134182,24,9,2025-10-07,0,1
491,Male,35,Master,3,39052,38,4,2025-04-18,0,5
492,Male,48,High School,4,122418,38,4,2025-01-16,0,3
493,Male,19,Bachelor,2,80708,8,17,2025-12-24,0,2
494,Female,38,High School,6,139551,15,6,2025-02-07,0,2
495,Male,43,Bachelor,5,168627,26,7,2025-04-13,0,2
496,Male,44,High School,4,105994,18,15,2024-06-03,0,5
497,Female,52,Bachelor,2,38246,3,8,2025-06-29,0,4
498,Male,66,High School,3,97229,42,9,2025-08-21,0,5
499,Female,46,Master,3,41451,37,6,2025-05-10,1,2
500,Male,70,PhD,4,93026,26,8,2024-12-29,0,3
1,f,68,High School,5,144929,4,7,2025-05-20,0,4
1,f,68,High School,5,144929,4,7,2025-05-20,0,4
1,f,68,High School,5,144929,4,7,2025-05-20,0,4
1,f,68,High School,5,144929,4,7,2025-05-20,0,4
1,f,68,High School,5,144929,4,7,2025-05-20,0,4
